timestamp,open,high,low,close,volume,close_time,quote_av,trades,tb_base_av,tb_quote_av,ignore
2020-06-12,1.15400000,1.34500000,1.12200000,1.27900000,1784200.44300000,1592006399999,2248348.99034100,7342,852535.46300000,1075681.74433800,0
2020-06-13,1.28200000,1.29600000,1.17100000,1.20300000,1439776.96900000,1592092799999,1768369.50918400,5902,757962.58600000,931179.22542500,0
2020-06-14,1.20400000,1.24900000,1.12100000,1.17100000,1539296.31400000,1592179199999,1830286.37634000,7034,698799.45000000,832236.85628700,0
2020-06-15,1.17100000,1.21800000,1.05100000,1.16500000,1840790.50600000,1592265599999,2108568.77362700,6219,795939.11300000,913674.62073000,0
2020-06-16,1.16500000,1.26700000,1.14100000,1.25600000,1534566.67100000,1592351999999,1856094.95179400,4436,694031.50700000,841358.78477600,0
2020-06-17,1.25500000,1.25600000,1.16200000,1.19500000,823200.94200000,1592438399999,987327.80882000,2533,346204.76400000,416169.45445200,0
2020-06-18,1.19300000,1.19700000,1.14000000,1.15100000,689936.99800000,1592524799999,804749.13522000,2409,273557.04800000,319533.34251000,0
2020-06-19,1.15100000,1.22400000,1.14200000,1.19500000,950928.21300000,1592611199999,1127488.39962500,3672,491057.20500000,582822.99395600,0
2020-06-20,1.19300000,1.30300000,1.19000000,1.28900000,2114791.71100000,1592697599999,2655682.17952800,8801,1038453.41100000,1303524.91269300,0
2020-06-21,1.29400000,1.30300000,1.21900000,1.22800000,781877.45200000,1592783999999,984782.56786200,2999,310313.83100000,391535.77290900,0
2020-06-22,1.22800000,1.27700000,1.21000000,1.24600000,1255313.79700000,1592870399999,1551043.36841900,6173,624409.89300000,772239.65044300,0
2020-06-23,1.24300000,1.25200000,1.16800000,1.20500000,872854.53000000,1592956799999,1055570.65923100,4363,370573.59300000,448292.84352600,0
2020-06-24,1.20200000,1.22500000,1.15200000,1.17600000,932215.03900000,1593043199999,1108568.26271100,4099,471322.61300000,561434.11328600,0
2020-06-25,1.17600000,1.18000000,1.10000000,1.15400000,600907.28000000,1593129599999,688507.62542000,2712,278098.52900000,319118.71333700,0
2020-06-26,1.15400000,1.20300000,1.14000000,1.16000000,1008213.65600000,1593215999999,1180723.81261100,5187,475510.27000000,557226.29063300,0
2020-06-27,1.16000000,1.17700000,1.00100000,1.06500000,1101544.10000000,1593302399999,1210393.17060400,5182,499788.31900000,552118.58806400,0
2020-06-28,1.06500000,1.13200000,1.04400000,1.09700000,875041.45600000,1593388799999,962330.76642500,3836,381231.12900000,420578.95559600,0
2020-06-29,1.10000000,1.20100000,1.07700000,1.17300000,1878305.75000000,1593475199999,2170902.32874700,9503,1010814.89800000,1169615.05732700,0
2020-06-30,1.17300000,1.23900000,1.16000000,1.21000000,1695962.08500000,1593561599999,2048323.82241100,7124,801935.10900000,968349.65520300,0
2020-07-01,1.20700000,1.35300000,1.19200000,1.33900000,2539257.33600000,1593647999999,3271224.49320700,13740,1360927.58300000,1752511.11764200,0
2020-07-02,1.33600000,1.55700000,1.33400000,1.53200000,8409678.51000000,1593734399999,12366980.69943100,39698,3894192.36200000,5723422.76009400,0
2020-07-03,1.53200000,1.98500000,1.51700000,1.85800000,14156553.43500000,1593820799999,25146063.89246500,65320,7117210.22200000,12632071.10586800,0
2020-07-04,1.85600000,1.86500000,1.59000000,1.65500000,9856830.00000000,1593907199999,16649556.66692000,48721,4691172.55200000,7928679.89172900,0
2020-07-05,1.65600000,1.76400000,1.55200000,1.60700000,5498531.35900000,1593993599999,9086099.37954400,27473,2632082.17600000,4354268.97949700,0
2020-07-06,1.60700000,1.78900000,1.57100000,1.67100000,6138744.40400000,1594079999999,10345851.61947100,33484,2956089.83000000,4990806.13677700,0
2020-07-07,1.67100000,1.71500000,1.56000000,1.58400000,5095254.26700000,1594166399999,8384742.79620200,25540,2247698.17400000,3700498.05358600,0
2020-07-08,1.58700000,1.67600000,1.56100000,1.58600000,5648970.65600000,1594252799999,9077380.02549800,31271,2593945.11900000,4173068.47171000,0
2020-07-09,1.58600000,1.73800000,1.56700000,1.67100000,6304510.56400000,1594339199999,10442884.10575800,36828,3056270.43500000,5073738.79858200,0
2020-07-10,1.67100000,1.67400000,1.57500000,1.61800000,2811564.85000000,1594425599999,4526711.21697200,15499,1264548.23100000,2036212.72081000,0
2020-07-11,1.61600000,1.67100000,1.58000000,1.64300000,3304348.62400000,1594511999999,5371942.85972900,17372,1666575.28900000,2708449.67901700,0
2020-07-12,1.64300000,1.67000000,1.58300000,1.61300000,2489102.73000000,1594598399999,4042628.52549900,13820,1136219.62900000,1845243.17085700,0
2020-07-13,1.61100000,1.68000000,1.44200000,1.52400000,4866496.36100000,1594684799999,7700478.84342400,24206,2189877.40300000,3479456.27487000,0
2020-07-14,1.52600000,1.60000000,1.46400000,1.60000000,5303606.11800000,1594771199999,8117686.28666900,24947,2525281.60100000,3869446.02661100,0
2020-07-15,1.59500000,1.67700000,1.56600000,1.58500000,4891781.30200000,1594857599999,7965136.38718200,23908,2483796.09100000,4048529.79720800,0
2020-07-16,1.58400000,1.63100000,1.49600000,1.57300000,5356320.88700000,1594943999999,8395925.76492500,40053,2588122.27600000,4061670.30875400,0
2020-07-17,1.57200000,1.64100000,1.54900000,1.63700000,2996636.91900000,1595030399999,4771344.74702500,19047,1614832.32300000,2573880.82741100,0
2020-07-18,1.63600000,1.92000000,1.63500000,1.82600000,10925688.77900000,1595116799999,19638059.81605000,75259,5951557.60200000,10688439.08340800,0
2020-07-19,1.82700000,1.83600000,1.67800000,1.69100000,4329923.96300000,1595203199999,7525435.70451500,32334,1866944.62300000,3246627.65559500,0
2020-07-20,1.69200000,1.78500000,1.59100000,1.63500000,4063676.62300000,1595289599999,6914607.88794200,30561,2070775.46600000,3532219.61309100,0
2020-07-21,1.63300000,1.70600000,1.60300000,1.65600000,2823066.74500000,1595375999999,4635359.23758800,22176,1362744.17000000,2239243.76895200,0
2020-07-22,1.65600000,1.69200000,1.62000000,1.64000000,2702225.15600000,1595462399999,4484270.95391300,14441,1233520.20500000,2048679.59444400,0
2020-07-23,1.64000000,1.66700000,1.57300000,1.60200000,2241416.33900000,1595548799999,3639313.11059200,9171,923171.47300000,1498845.66628800,0
2020-07-24,1.60300000,1.62900000,1.53700000,1.58700000,2714283.89300000,1595635199999,4316148.51212500,10997,1283251.15400000,2041717.02410400,0
2020-07-25,1.58700000,1.65000000,1.53400000,1.53700000,3840870.58600000,1595721599999,6071615.09700700,16753,1855415.61200000,2936644.14207500,0
2020-07-26,1.53900000,1.59300000,1.43800000,1.51100000,4055829.94300000,1595807999999,6140359.65160000,16163,1939082.28900000,2940927.97793200,0
2020-07-27,1.51200000,1.53600000,1.25700000,1.37500000,6218739.16700000,1595894399999,8545928.80214600,22192,2960485.50600000,4061892.07411900,0
2020-07-28,1.37400000,1.51400000,1.36400000,1.46300000,3773179.86500000,1595980799999,5501800.89799900,17183,1948849.89100000,2842928.06068700,0
2020-07-29,1.46300000,1.50400000,1.38800000,1.41900000,2993005.89500000,1596067199999,4335772.92400400,11020,1441764.20700000,2089332.52997200,0
2020-07-30,1.41800000,1.51100000,1.40500000,1.44300000,4218514.36700000,1596153599999,6161597.51437700,15316,2154432.15700000,3148502.11500500,0
2020-07-31,1.44400000,1.50500000,1.43200000,1.46700000,4698896.01800000,1596239999999,6907220.74002700,15498,2262599.30300000,3325811.79826400,0
2020-08-01,1.46700000,1.53800000,1.44800000,1.48000000,4721256.53400000,1596326399999,7055447.70135800,17447,2332984.49300000,3490251.12105200,0
2020-08-02,1.47800000,1.50600000,1.18400000,1.41100000,5347612.17200000,1596412799999,7496822.68408600,26582,2695878.40400000,3784157.99830700,0
2020-08-03,1.41400000,1.44100000,1.37400000,1.39100000,3147962.01000000,1596499199999,4450070.28276100,12035,1576056.85500000,2228944.48776700,0
2020-08-04,1.39000000,1.50000000,1.38000000,1.48200000,3651887.15400000,1596585599999,5253158.48715700,14132,1977811.32300000,2847651.67058200,0
2020-08-05,1.48200000,1.60600000,1.48100000,1.52700000,8695977.99900000,1596671999999,13460472.83940200,36481,4367537.30900000,6763065.25705000,0
2020-08-06,1.52500000,1.65700000,1.49700000,1.60300000,5633729.29400000,1596758399999,8842640.66326600,21246,2902829.30700000,4563558.83277200,0
2020-08-07,1.60300000,1.63800000,1.43900000,1.52700000,4303250.56000000,1596844799999,6725631.09342300,17322,1985135.38100000,3110025.11506800,0
2020-08-08,1.52600000,1.73700000,1.50900000,1.68200000,4493482.27000000,1596931199999,7229841.78191600,20565,2389132.50400000,3852266.20228500,0
2020-08-09,1.68400000,1.82500000,1.62000000,1.78700000,5710652.84800000,1597017599999,9783508.08250500,31386,2796662.09200000,4802009.75106400,0
2020-08-10,1.78600000,1.80500000,1.58700000,1.71500000,5192431.10100000,1597103999999,8872636.45021400,30843,2663776.02000000,4556817.65879200,0
2020-08-11,1.71300000,1.72700000,1.50000000,1.61000000,4293244.41600000,1597190399999,6919234.15236100,22574,2009449.91500000,3235547.65284300,0
2020-08-12,1.60800000,1.73000000,1.54400000,1.68300000,4641439.78600000,1597276799999,7706673.75059800,26549,2289117.43700000,3803660.48835000,0
2020-08-13,1.68300000,1.99000000,1.59700000,1.74600000,12523068.10800000,1597363199999,22344244.80199500,64813,6447178.26600000,11543775.74703700,0
2020-08-14,1.74500000,2.04800000,1.70200000,1.87600000,14752050.26700000,1597449599999,28303466.64878400,76170,7752388.18900000,14881202.00385900,0
2020-08-15,1.87600000,1.99000000,1.78800000,1.84200000,5759406.06400000,1597535999999,10924306.32381800,31365,2822335.49500000,5360343.29661200,0
2020-08-16,1.84000000,1.93800000,1.79600000,1.87700000,4026687.20300000,1597622399999,7474698.50109700,22122,1981154.72200000,3681115.76594900,0
2020-08-17,1.87900000,1.94600000,1.74800000,1.77200000,4022826.70300000,1597708799999,7424810.48082500,24665,1834436.25100000,3394403.41157700,0
2020-08-18,1.77400000,1.81500000,1.61700000,1.66900000,3396098.97100000,1597795199999,5842506.77066500,20194,1504838.87400000,2590820.91836300,0
2020-08-19,1.67200000,1.72900000,1.48600000,1.59100000,3753759.38100000,1597881599999,5998946.65184300,22165,1778455.94100000,2839923.10205700,0
2020-08-20,1.59300000,1.80900000,1.55300000,1.71000000,4551825.43800000,1597967999999,7608574.38246700,26097,2342287.91400000,3925734.45064600,0
2020-08-21,1.71100000,1.92300000,1.65000000,1.65000000,7953128.57700000,1598054399999,14211077.38942600,55755,3912284.26300000,7012286.23006000,0
2020-08-22,1.65000000,1.75000000,1.55500000,1.72100000,3455883.18300000,1598140799999,5735080.71731900,19461,1742425.98200000,2893445.15472900,0
2020-08-23,1.72300000,1.77500000,1.64000000,1.70800000,3795808.71400000,1598227199999,6472103.11759900,18850,1826495.03200000,3114997.65080200,0
2020-08-24,1.71400000,1.73000000,1.66000000,1.68400000,2410196.97900000,1598313599999,4080356.23508000,12972,1040038.02900000,1761401.19756800,0
2020-08-25,1.68500000,1.69700000,1.53100000,1.58600000,2997342.29900000,1598399999999,4834537.89156200,16025,1159123.50100000,1872323.30119000,0
2020-08-26,1.58700000,1.64900000,1.55800000,1.62700000,1987901.11200000,1598486399999,3189446.74684900,10537,982760.56800000,1576734.94475600,0
2020-08-27,1.62900000,1.64600000,1.49400000,1.54900000,2198813.01200000,1598572799999,3461363.52673400,10462,1027378.56800000,1627014.00730800,0
2020-08-28,1.55100000,1.62900000,1.51400000,1.58800000,2098030.41400000,1598659199999,3334684.98271000,10006,1034902.21100000,1645973.24995400,0
2020-08-29,1.58800000,1.70700000,1.54800000,1.65300000,3388331.51700000,1598745599999,5507212.86063400,16164,1699779.18800000,2761761.27466800,0
2020-08-30,1.65200000,1.79500000,1.64400000,1.70600000,3894341.38800000,1598831999999,6749231.20388600,16992,2149712.86300000,3726070.87620900,0
2020-08-31,1.70700000,1.84600000,1.70300000,1.80200000,3611599.25200000,1598918399999,6391423.64222600,18829,1959679.49900000,3474595.11955000,0
2020-09-01,1.80400000,1.85800000,1.72800000,1.74300000,4312294.53800000,1599004799999,7776835.77385300,24298,2207676.33700000,3993154.02753700,0
2020-09-02,1.73900000,1.75400000,1.56500000,1.65900000,3673615.13800000,1599091199999,6058075.00581100,21494,1758800.27000000,2902110.27295900,0
2020-09-03,1.65800000,1.67100000,1.22200000,1.26600000,6467765.10200000,1599177599999,9473136.97289900,33179,2969072.06900000,4360232.03045200,0
2020-09-04,1.26500000,1.41100000,1.23700000,1.33800000,4468312.89900000,1599263999999,5932302.49135500,23330,1794142.30700000,2391087.58311900,0
2020-09-05,1.33800000,1.39300000,1.04700000,1.18100000,5082583.13600000,1599350399999,6188129.23956900,27425,2182277.89400000,2674339.92457700,0
2020-09-06,1.18100000,1.31900000,1.10100000,1.29900000,2862771.00800000,1599436799999,3492969.39087600,14068,1431921.92400000,1750030.19000100,0
2020-09-07,1.29900000,1.33800000,1.14000000,1.24600000,2847425.70100000,1599523199999,3521751.29630500,13595,1399291.99500000,1734463.75920100,0
2020-09-08,1.24900000,1.25300000,1.13200000,1.17900000,2189550.90000000,1599609599999,2614541.26351200,8948,941981.76900000,1129026.78048500,0
2020-09-09,1.18000000,1.24600000,1.15100000,1.22200000,1739956.44600000,1599695999999,2097233.53649900,7297,829446.13300000,1000409.44794900,0
2020-09-10,1.22100000,1.27500000,1.20100000,1.23700000,2048289.81900000,1599782399999,2534996.91389600,7704,1032257.58200000,1279286.58390900,0
2020-09-11,1.23900000,1.24300000,1.18100000,1.22700000,2096508.20900000,1599868799999,2512491.65139100,11314,902563.26800000,1083843.77330900,0
2020-09-12,1.22800000,1.32700000,1.20800000,1.32400000,2465953.97600000,1599955199999,3103819.40419000,9050,1128190.78800000,1420235.23890000,0
2020-09-13,1.32400000,1.34000000,1.17900000,1.22600000,3027069.42200000,1600041599999,3805499.46232600,11230,1293608.71200000,1626612.83448300,0
2020-09-14,1.22500000,1.24700000,1.17800000,1.22100000,2480970.84500000,1600127999999,2996380.40244400,8305,1312697.56800000,1587314.52027800,0
2020-09-15,1.22100000,1.23900000,1.16200000,1.17200000,1933809.44300000,1600214399999,2318907.49361800,7048,770741.38200000,929168.93671300,0
2020-09-16,1.17100000,1.18700000,1.10900000,1.15700000,2088548.82300000,1600300799999,2396067.60184800,10580,952825.96300000,1092939.91961100,0
2020-09-17,1.15800000,1.19800000,1.11200000,1.11800000,3270792.26600000,1600387199999,3736639.19068100,10509,1432032.83400000,1636429.24394600,0
2020-09-18,1.11800000,1.14000000,1.03000000,1.06000000,3104591.26500000,1600473599999,3387474.03195800,10710,1290950.79900000,1408613.09263900,0
2020-09-19,1.05900000,1.07300000,1.01000000,1.05700000,1596512.07900000,1600559999999,1667086.58551300,6386,730767.02000000,763588.92819600,0
2020-09-20,1.05600000,1.10200000,0.99100000,1.01100000,2058982.13200000,1600646399999,2159082.58872000,7640,923880.87500000,972252.34097100,0
2020-09-21,1.01000000,1.03200000,0.85900000,0.90500000,4240830.37700000,1600732799999,3909142.16494000,12891,1864795.33500000,1729542.35719300,0
2020-09-22,0.90800000,0.97300000,0.87400000,0.94200000,1673777.28200000,1600819199999,1540006.44504700,5095,790297.19800000,730457.25918000,0
2020-09-23,0.94100000,0.94700000,0.85400000,0.85800000,2418803.51600000,1600905599999,2183357.71624500,6168,940350.78400000,851103.52359600,0
2020-09-24,0.85800000,0.94300000,0.85200000,0.94000000,1407556.70100000,1600991999999,1267214.94135700,4223,762263.44600000,688496.63531200,0
2020-09-25,0.93800000,1.02500000,0.90400000,0.98000000,2263523.83800000,1601078399999,2197096.25437200,7047,1119081.51000000,1083272.77992800,0
2020-09-26,0.97900000,1.06800000,0.97500000,1.02200000,1944156.43700000,1601164799999,1975791.82220100,6561,959823.63700000,975655.66817800,0
2020-09-27,1.02300000,1.04400000,0.95800000,1.00800000,1511565.32700000,1601251199999,1501127.50448500,5153,815604.08900000,808416.25343500,0
2020-09-28,1.00700000,1.06000000,0.97700000,0.99200000,2004456.55700000,1601337599999,2060333.91670500,9000,863943.76300000,888057.48044200,0
2020-09-29,0.99200000,1.01200000,0.95000000,0.99000000,2082423.50700000,1601423999999,2031248.92170200,6629,846107.67100000,825972.35669700,0
2020-09-30,0.99000000,0.99400000,0.95700000,0.98000000,979979.70700000,1601510399999,952131.27103500,3642,462545.37300000,449440.75113200,0
2020-10-01,0.98200000,1.04500000,0.93800000,0.95300000,3230671.23400000,1601596799999,3232465.07568700,8019,1596926.03800000,1599341.45109100,0
2020-10-02,0.95300000,1.00000000,0.86200000,0.92300000,3240537.85800000,1601683199999,3002184.10628600,9187,1530371.82900000,1423460.90198700,0
2020-10-03,0.92600000,0.95800000,0.90800000,0.91200000,940820.85800000,1601769599999,883186.91710200,2831,460275.58200000,432038.72974700,0
2020-10-04,0.91000000,0.95000000,0.89900000,0.92500000,1680990.13100000,1601855999999,1554631.88120200,4096,773724.77400000,716055.57761800,0
2020-10-05,0.92200000,0.94400000,0.91200000,0.92400000,1022136.77300000,1601942399999,949234.01969400,2994,509887.36500000,473203.18642900,0
2020-10-06,0.92500000,0.93000000,0.85100000,0.86000000,2136894.50500000,1602028799999,1891836.98431300,6463,740878.56400000,657298.59279700,0
2020-10-07,0.85800000,0.91900000,0.82500000,0.91500000,3628393.97700000,1602115199999,3201452.77686900,10239,1738684.89900000,1539801.72874200,0
2020-10-08,0.91400000,0.94700000,0.87500000,0.92400000,1925727.63000000,1602201599999,1758392.85114300,5911,895124.79200000,818186.41858300,0
2020-10-09,0.92600000,1.00000000,0.90100000,0.96000000,3676727.01500000,1602287999999,3520893.22426000,11363,1860628.30300000,1783125.50052100,0
2020-10-10,0.96000000,0.99400000,0.95400000,0.97000000,1700262.42500000,1602374399999,1656931.80532700,4993,808581.32200000,788310.26901300,0
2020-10-11,0.97100000,0.98000000,0.91100000,0.96000000,2156783.46000000,1602460799999,2056741.66480900,7045,1015061.59600000,970604.85605600,0
2020-10-12,0.95900000,1.05800000,0.94900000,1.01100000,4714420.86300000,1602547199999,4748536.09871600,14608,2371745.08200000,2388826.29513600,0
2020-10-13,1.01100000,1.04000000,0.96700000,0.99100000,2243823.33800000,1602633599999,2248975.78054700,7565,979996.17200000,982804.01206500,0
2020-10-14,0.99200000,0.99600000,0.92700000,0.94100000,1423419.53700000,1602719999999,1373215.45518900,4622,690996.73800000,668320.61556300,0
2020-10-15,0.94100000,0.94600000,0.90600000,0.92900000,1284428.22400000,1602806399999,1189323.16300400,4328,508582.22200000,471144.90254300,0
2020-10-16,0.93100000,0.93900000,0.89000000,0.89700000,1027721.79400000,1602892799999,933283.90852300,3798,413706.95600000,376310.14131100,0
2020-10-17,0.89800000,0.93000000,0.88500000,0.91900000,970951.83600000,1602979199999,884604.98489100,2904,477556.46300000,435644.24825200,0
2020-10-18,0.92000000,0.93700000,0.91000000,0.93300000,498797.81800000,1603065599999,459276.84927500,1885,244708.18900000,225663.66134200,0
2020-10-19,0.93400000,0.93600000,0.90200000,0.90900000,537414.83900000,1603151999999,494508.14044400,2024,241715.27300000,222684.97095100,0
2020-10-20,0.91000000,0.91300000,0.85900000,0.86200000,1356995.93600000,1603238399999,1187291.93777600,4534,455279.42800000,398606.12274700,0
2020-10-21,0.86300000,0.94000000,0.86300000,0.93000000,1611518.85900000,1603324799999,1478860.54372000,5118,810699.95600000,744991.98681100,0
2020-10-22,0.93000000,0.98000000,0.92900000,0.94200000,1584793.34100000,1603411199999,1519346.48383100,5763,893294.63200000,859565.74016900,0
2020-10-23,0.94300000,0.95100000,0.91300000,0.93400000,942823.82600000,1603497599999,879467.42604400,3218,431597.51900000,402880.30443600,0
2020-10-24,0.93500000,0.94900000,0.91300000,0.92900000,714403.81300000,1603583999999,666038.00114300,2460,401112.51800000,374340.09974000,0
2020-10-25,0.93000000,0.94200000,0.90100000,0.90300000,656938.15300000,1603670399999,605803.95358800,2489,275839.78800000,254610.74523600,0
2020-10-26,0.90300000,0.93600000,0.87600000,0.89200000,1036045.09100000,1603756799999,937116.53550200,3994,440032.40300000,398550.24601000,0
2020-10-27,0.89200000,0.91500000,0.88100000,0.90800000,774947.39900000,1603843199999,696547.13531000,3064,314148.28600000,282556.01793500,0
2020-10-28,0.90600000,0.90700000,0.84300000,0.85900000,1732132.82800000,1603929599999,1499969.59115900,5723,442339.57600000,383472.90558000,0
2020-10-29,0.85700000,0.87100000,0.81000000,0.81600000,895748.30800000,1604015999999,747847.87494400,3280,360813.49200000,301912.20258400,0
2020-10-30,0.81700000,0.82800000,0.76800000,0.79800000,1370650.29400000,1604102399999,1089489.46869500,5135,525178.18700000,417274.93635700,0
2020-10-31,0.79800000,0.81500000,0.78600000,0.78700000,464418.71600000,1604188799999,372608.61656500,1871,156119.19600000,125531.33414300,0
2020-11-01,0.78700000,0.80500000,0.77600000,0.79200000,583214.91800000,1604275199999,459737.26219700,1976,193004.32500000,152198.28152000,0
2020-11-02,0.79200000,0.81000000,0.75900000,0.77700000,786259.35300000,1604361599999,615437.39249500,2909,293048.40800000,229629.34525800,0
2020-11-03,0.77600000,0.77600000,0.72600000,0.74200000,764336.01300000,1604447999999,570276.52957200,3327,285526.27900000,213091.81566000,0
2020-11-04,0.74100000,0.74300000,0.69400000,0.70700000,1105392.53600000,1604534399999,789158.88388000,3398,417573.21100000,297779.48873800,0
2020-11-05,0.70700000,0.76000000,0.68600000,0.76000000,2250521.85300000,1604620799999,1625165.95511000,7403,1256127.90800000,911481.10730500,0
2020-11-06,0.75900000,0.82300000,0.75600000,0.81400000,3415764.04800000,1604707199999,2715619.13341500,10646,1714080.66100000,1362746.90322000,0
2020-11-07,0.81400000,0.89000000,0.74000000,0.77700000,3742223.53900000,1604793599999,3077010.97399900,13283,1893407.57500000,1560455.18273200,0
2020-11-08,0.77700000,0.84100000,0.76900000,0.82000000,1261899.73600000,1604879999999,1023811.79932800,5030,533203.99900000,431907.51069300,0
2020-11-09,0.82200000,0.85000000,0.78700000,0.81200000,1771157.05400000,1604966399999,1441074.20278100,9612,816857.09100000,666056.84991900,0
2020-11-10,0.81200000,0.88700000,0.80800000,0.87900000,3852502.15300000,1605052799999,3266847.11460700,24939,2173225.09900000,1842653.78293400,0
2020-11-11,0.87900000,0.97900000,0.87900000,0.88900000,5326039.05500000,1605139199999,4937163.06821400,23809,2560173.97700000,2375800.16087000,0
2020-11-12,0.89100000,0.92400000,0.84500000,0.86200000,2373445.76000000,1605225599999,2079989.60333700,15382,959803.88900000,839180.27686500,0
2020-11-13,0.86200000,0.94200000,0.85900000,0.92500000,1870848.55800000,1605311999999,1673034.50840500,11291,905574.31400000,810667.17603800,0
2020-11-14,0.92300000,0.92800000,0.86400000,0.89300000,1745974.40200000,1605398399999,1558745.27137400,8603,906065.91100000,809947.61611900,0
2020-11-15,0.89200000,0.95000000,0.86700000,0.89100000,1972120.60200000,1605484799999,1811133.33653700,11793,985538.63200000,906389.99712800,0
2020-11-16,0.88900000,0.95900000,0.88000000,0.94800000,2756398.99500000,1605571199999,2576272.89434700,13928,1397326.74700000,1307138.52414100,0
2020-11-17,0.94800000,0.98900000,0.92900000,0.98600000,2564623.40400000,1605657599999,2454113.49801400,17506,1287097.19200000,1233612.52320100,0
2020-11-18,0.98600000,0.99900000,0.86700000,0.92600000,3130177.08600000,1605743999999,2878197.43126500,15873,1500425.50100000,1380532.16418200,0
2020-11-19,0.92700000,0.95500000,0.89500000,0.91200000,1716510.65500000,1605830399999,1596225.06090100,10700,790194.96200000,736626.52660900,0
2020-11-20,0.91300000,0.96400000,0.90500000,0.94000000,2049514.71700000,1605916799999,1909622.75703000,12686,1068194.52400000,997869.22084100,0
2020-11-21,0.94000000,1.05800000,0.93700000,1.05800000,5024244.84100000,1606003199999,5000942.73598300,26504,2863247.97300000,2843460.50808200,0
2020-11-22,1.05700000,1.07500000,0.95100000,1.02100000,2546576.49500000,1606089599999,2575648.48070900,18998,1290842.45800000,1306434.37458000,0
2020-11-23,1.02400000,1.13200000,0.99000000,1.10900000,2775131.84900000,1606175999999,2978898.85775300,17048,1389764.67600000,1491785.59820200,0
2020-11-24,1.10900000,1.18700000,1.04700000,1.13000000,4289923.68200000,1606262399999,4792522.55389100,30809,2034597.22600000,2279609.26397400,0
2020-11-25,1.13200000,1.35200000,1.11000000,1.15700000,6333980.03800000,1606348799999,7741892.37645800,49514,3293554.17600000,4027825.04815000,0
2020-11-26,1.15600000,1.19900000,0.88500000,0.98100000,6125905.64900000,1606435199999,6130716.72822000,35110,2922789.16800000,2930107.50924700,0
2020-11-27,0.98200000,1.01200000,0.92400000,0.96300000,1792590.55500000,1606521599999,1733858.00007600,11746,932032.73800000,901201.50138700,0
2020-11-28,0.96300000,1.04500000,0.93500000,1.01300000,2033555.04800000,1606607999999,2019015.10177600,10206,1028604.28800000,1020763.68832000,0
2020-11-29,1.01500000,1.04100000,0.98500000,1.02200000,1849108.73400000,1606694399999,1882731.08488700,8983,902238.29100000,918584.01489200,0
2020-11-30,1.02000000,1.09400000,1.00900000,1.05800000,1926352.29900000,1606780799999,2012385.43688400,10967,887163.73500000,927853.20340400,0
2020-12-01,1.05800000,1.10600000,0.95100000,0.98700000,4332909.45800000,1606867199999,4488866.92194500,22611,2192397.93600000,2272103.51168300,0
2020-12-02,0.98700000,1.03400000,0.97300000,1.02700000,1818609.12900000,1606953599999,1834744.45122700,9704,815066.95300000,822035.84410100,0
2020-12-03,1.02500000,1.06700000,1.00300000,1.01200000,2474642.92100000,1607039999999,2546086.47729700,11334,1120310.30800000,1153182.24227800,0
2020-12-04,1.01100000,1.04400000,0.92600000,0.92700000,3204401.53400000,1607126399999,3200050.41346500,19870,1554860.54400000,1556045.53873400,0
2020-12-05,0.92800000,0.98200000,0.91800000,0.97300000,1863461.58000000,1607212799999,1775036.54481000,7556,982819.44000000,936683.43409000,0
2020-12-06,0.97300000,0.99100000,0.95300000,0.97700000,1042981.96100000,1607299199999,1013994.85549500,7016,480678.95000000,467528.66479000,0
2020-12-07,0.97600000,0.97700000,0.93700000,0.95400000,1318948.09900000,1607385599999,1260393.19140500,6321,631920.94200000,603690.39685800,0
2020-12-08,0.95500000,0.95500000,0.87300000,0.89300000,1971502.91200000,1607471999999,1814262.99753600,8580,682798.99300000,630840.24631700,0
2020-12-09,0.89200000,0.90600000,0.83600000,0.89400000,1490023.31100000,1607558399999,1310754.43085200,7892,680671.23500000,600049.96775800,0
2020-12-10,0.89500000,0.91700000,0.85200000,0.86400000,1049025.21300000,1607644799999,924332.16610100,6480,420462.72400000,371280.06296000,0
2020-12-11,0.86500000,0.88500000,0.83600000,0.86700000,1115098.60200000,1607731199999,958273.28422900,7276,371560.28400000,320016.44202400,0
2020-12-12,0.86700000,0.91200000,0.86200000,0.89300000,1336008.85100000,1607817599999,1196102.31609600,6586,684306.57100000,612638.57219800,0
2020-12-13,0.89400000,0.94400000,0.88600000,0.92200000,798064.23500000,1607903999999,731923.87783800,4625,339033.11600000,310765.70600500,0
2020-12-14,0.92200000,0.93100000,0.90200000,0.91000000,819015.60600000,1607990399999,749263.73522600,4191,314035.19000000,287595.18318700,0
2020-12-15,0.91100000,0.95300000,0.90400000,0.95000000,1123095.84600000,1608076799999,1040339.57419600,5908,536867.82200000,498800.36959700,0
2020-12-16,0.95000000,0.95100000,0.90300000,0.94000000,2667862.62700000,1608163199999,2469016.16844100,14367,1121566.81600000,1038564.29324300,0
2020-12-17,0.94000000,0.98200000,0.90800000,0.92500000,4766232.65300000,1608249599999,4486496.45913300,21773,2097067.00600000,1974799.42494300,0
2020-12-18,0.92600000,0.94800000,0.90800000,0.94400000,1226106.97100000,1608335999999,1140295.51319600,8216,598690.21300000,557261.67199800,0
2020-12-19,0.94400000,1.00000000,0.93300000,0.94700000,3155965.26800000,1608422399999,3038695.39729200,14754,1652969.80800000,1593848.94277700,0
2020-12-20,0.94700000,0.95700000,0.90300000,0.92100000,1893148.12800000,1608508799999,1777740.54499800,9406,829610.74600000,779683.00063900,0
2020-12-21,0.92100000,0.94000000,0.84700000,0.87200000,2194108.87400000,1608595199999,1961529.97155400,10539,925254.94200000,829739.18114700,0
2020-12-22,0.87300000,0.89200000,0.84300000,0.89200000,1615358.59600000,1608681599999,1406394.30261400,7556,752911.70000000,656838.51118500,0
2020-12-23,0.89000000,0.89800000,0.68300000,0.75500000,3440965.58200000,1608767999999,2769316.55662200,15498,1413943.12600000,1148097.84163800,0
2020-12-24,0.75500000,0.83200000,0.72700000,0.81900000,1959151.36300000,1608854399999,1530455.12430500,10527,943015.63900000,737521.49170500,0
2020-12-25,0.81900000,0.86100000,0.80200000,0.83000000,1528871.64200000,1608940799999,1269109.56292400,7410,686482.62900000,569020.04921500,0
2020-12-26,0.83000000,0.83100000,0.78600000,0.79700000,1225385.53800000,1609027199999,989018.00314400,6365,449360.56500000,363039.78565300,0
2020-12-27,0.79900000,0.87300000,0.79200000,0.81200000,3470905.48700000,1609113599999,2898852.76506600,17186,1886822.52700000,1574318.07763900,0
2020-12-28,0.81300000,0.87400000,0.80500000,0.85800000,1526973.68900000,1609199999999,1289714.90405400,9226,684975.29200000,578669.27763000,0
2020-12-29,0.85900000,0.87800000,0.79200000,0.82600000,1867905.69800000,1609286399999,1543643.93071400,9234,727695.79900000,603205.60840600,0
2020-12-30,0.82600000,0.83400000,0.79500000,0.80700000,1034062.99700000,1609372799999,839909.47026100,7273,431207.24900000,350390.49504700,0
2020-12-31,0.80500000,0.80700000,0.77900000,0.79900000,991157.15100000,1609459199999,786213.37425300,5353,486652.09700000,386369.01599300,0
2021-01-01,0.79900000,0.83800000,0.77500000,0.79900000,2318242.25200000,1609545599999,1876851.57990800,9465,1197338.40400000,970380.87768600,0
2021-01-02,0.79900000,0.81100000,0.78000000,0.78400000,1540860.45800000,1609631999999,1224307.72529700,7625,720914.22600000,573399.04649700,0
2021-01-03,0.78500000,0.84500000,0.76500000,0.82900000,3849821.04700000,1609718399999,3078116.06562500,14527,1852440.76700000,1485087.22909400,0
2021-01-04,0.82900000,0.93400000,0.76000000,0.82200000,5126350.17700000,1609804799999,4264425.04570200,24594,2508873.47300000,2089275.22424900,0
2021-01-05,0.82200000,0.92300000,0.79800000,0.90900000,4535603.35500000,1609891199999,3904014.31926400,20957,2210981.40800000,1907114.56168000,0
2021-01-06,0.90700000,1.25400000,0.87900000,1.18100000,12524807.90800000,1609977599999,13685248.64301600,66483,6571911.77700000,7207952.78800400,0
2021-01-07,1.18200000,1.30000000,0.96900000,1.06100000,10751535.03000000,1610063999999,12239277.76197600,70851,5125734.49900000,5844769.76337900,0
2021-01-08,1.06100000,1.22300000,0.94600000,1.12600000,9195157.22400000,1610150399999,10138293.89848000,51202,4650956.90700000,5126953.03908600,0
2021-01-09,1.12700000,1.28300000,1.08300000,1.18700000,11552047.32200000,1610236799999,13765360.47730700,54299,5977460.39900000,7131169.78749400,0
2021-01-10,1.18800000,1.29000000,1.01800000,1.13400000,8222123.35200000,1610323199999,9741851.31942900,46713,3803509.99100000,4508127.79733400,0
2021-01-11,1.13600000,1.13800000,0.85700000,0.97800000,9478238.68000000,1610409599999,9157742.45262000,42136,4507664.54400000,4354332.49702700,0
2021-01-12,0.98000000,1.09900000,0.96100000,0.99800000,6993219.16100000,1610495999999,7244468.03683100,33827,3639796.29100000,3775832.95711800,0
2021-01-13,1.00300000,1.10200000,0.97700000,1.09800000,2945450.36600000,1610582399999,3093403.20410900,19007,1532510.24400000,1610529.35896900,0
2021-01-14,1.09900000,1.10600000,1.03000000,1.07200000,3431370.65900000,1610668799999,3666065.51159200,18027,1801678.93600000,1928777.60554900,0
2021-01-15,1.07200000,1.23700000,1.04000000,1.23400000,8164720.06400000,1610755199999,9277530.44236700,43987,4111870.90600000,4680783.38993500,0
2021-01-16,1.23500000,1.28500000,1.14400000,1.27600000,6571646.13400000,1610841599999,7985104.62209400,41127,3866233.26700000,4710346.50220200,0
2021-01-17,1.27500000,1.29400000,1.12500000,1.23400000,5194404.23200000,1610927999999,6302873.80942500,34495,2659262.31900000,3234872.66411000,0
2021-01-18,1.23400000,1.39900000,1.17300000,1.33600000,7056512.87000000,1611014399999,9119144.44325700,48287,3646603.31800000,4711398.78088700,0
2021-01-19,1.33600000,1.43100000,1.25500000,1.26200000,7125098.24500000,1611100799999,9522301.27088400,45506,3699162.35900000,4942937.34052800,0
2021-01-20,1.26100000,1.32000000,1.15400000,1.29000000,6007353.22900000,1611187199999,7510754.04386100,36739,2890256.96400000,3621583.95615100,0
2021-01-21,1.29200000,1.49300000,1.13500000,1.38400000,17055668.31600000,1611273599999,22727415.29850200,86604,8675197.27000000,11591891.02573900,0
2021-01-22,1.38100000,1.48700000,1.18300000,1.36400000,8186704.90000000,1611359999999,11062239.29974600,49127,4013918.19900000,5439465.91552000,0
2021-01-23,1.36200000,1.44800000,1.31500000,1.36300000,5173660.34600000,1611446399999,7084390.11048100,28198,2483855.20200000,3402557.27680600,0
2021-01-24,1.36300000,1.43000000,1.31800000,1.38200000,5322465.10700000,1611532799999,7283891.09539400,27749,2534797.51300000,3470696.19995900,0
2021-01-25,1.38200000,1.44200000,1.30900000,1.31900000,4054400.11800000,1611619199999,5639911.49031400,25422,1955906.81500000,2721412.47413700,0
2021-01-26,1.32000000,1.35600000,1.22300000,1.31800000,3749765.00300000,1611705599999,4803731.45735300,22827,1695385.17100000,2173913.06036800,0
2021-01-27,1.31800000,1.32000000,1.14200000,1.18100000,4681784.29400000,1611791999999,5669186.76022900,28384,2198385.65200000,2658128.50526300,0
2021-01-28,1.18100000,1.34700000,1.15500000,1.27800000,4585071.56400000,1611878399999,5908125.26710300,34732,2262133.10800000,2913259.00683200,0
2021-01-29,1.27600000,1.31100000,1.23200000,1.25900000,3170480.23100000,1611964799999,4028168.06567500,28121,1541259.21800000,1960033.52504500,0
2021-01-30,1.26000000,1.43000000,1.21800000,1.37900000,4553349.57000000,1612051199999,5972661.22181800,31206,2319599.26200000,3057827.68716900,0
2021-01-31,1.38000000,1.44700000,1.26600000,1.29100000,5451744.64500000,1612137599999,7401847.12022800,37806,2631409.78600000,3577316.83493900,0
2021-02-01,1.29100000,1.40900000,1.25600000,1.40300000,3836216.02000000,1612223999999,5060495.40214400,30608,1927067.92400000,2548431.35639200,0
2021-02-02,1.40400000,1.52900000,1.36500000,1.41400000,6730532.81100000,1612310399999,9670031.58000700,44079,3353802.53500000,4840319.99133100,0
2021-02-03,1.41400000,1.55300000,1.39000000,1.48700000,5022050.06800000,1612396799999,7357847.20026400,33718,2611229.43700000,3828888.38729600,0
2021-02-04,1.48900000,1.70900000,1.38000000,1.56700000,9200014.62600000,1612483199999,14042797.77989500,59018,4649971.67800000,7106620.91544500,0
2021-02-05,1.56600000,2.34500000,1.56400000,2.00200000,26375199.21900000,1612569599999,52549133.65023900,203344,13602222.03900000,27041224.48897800,0
2021-02-06,2.00100000,2.00800000,1.67900000,1.78300000,11347963.34200000,1612655999999,20578068.64213500,96029,5353795.85600000,9692146.40735900,0
2021-02-07,1.78200000,1.83500000,1.55800000,1.75200000,7912687.86500000,1612742399999,13496412.63306100,63535,3731213.61500000,6369035.53553500,0
2021-02-08,1.75400000,1.99700000,1.70900000,1.83500000,10080780.87700000,1612828799999,18847921.18147100,75852,5187310.37400000,9706885.90450100,0
2021-02-09,1.83600000,2.06900000,1.78800000,2.01200000,10107243.11300000,1612915199999,19206433.26915900,72893,4982583.07300000,9480782.30364900,0
2021-02-10,2.01200000,2.47200000,1.87900000,2.34400000,18655234.13600000,1613001599999,40458425.92970200,156313,9902960.52900000,21539603.68378800,0
2021-02-11,2.34400000,2.49900000,2.22100000,2.35800000,9227024.82400000,1613087999999,21873396.84899800,92973,4643133.13900000,11021672.50625700,0
2021-02-12,2.35600000,2.50000000,2.23100000,2.38900000,7515554.87800000,1613174399999,17844961.59475100,70982,3664735.49300000,8709225.36558100,0
2021-02-13,2.38600000,2.52600000,2.08900000,2.34000000,10490878.58000000,1613260799999,24221920.14993400,88039,5160597.18500000,11922428.81270000,0
2021-02-14,2.34000000,2.37800000,2.03900000,2.12800000,6916483.68500000,1613347199999,15309362.28004700,56720,3384136.33400000,7504216.31406800,0
2021-02-15,2.13000000,2.29000000,1.71000000,2.10800000,9834071.72400000,1613433599999,20144566.66333300,80367,4749623.20300000,9749545.93093300,0
2021-02-16,2.10600000,2.17700000,1.94600000,2.04900000,4985722.50000000,1613519999999,10306329.73767900,45291,2436253.22300000,5040426.94799500,0
2021-02-17,2.05000000,2.18800000,1.89100000,2.12300000,6056703.55200000,1613606399999,12505690.29129300,47057,2971755.52900000,6135379.96536600,0
2021-02-18,2.12700000,2.29200000,2.09200000,2.21900000,5232139.87700000,1613692799999,11442072.32886900,45847,2572635.32600000,5631952.29938600,0
2021-02-19,2.22400000,2.27900000,2.09500000,2.18700000,5248659.65300000,1613779199999,11496696.99534000,47843,2495998.18800000,5466292.42293200,0
2021-02-20,2.19000000,2.33000000,1.91600000,2.07000000,6722501.77700000,1613865599999,14770542.36552200,65166,3314114.58100000,7295496.15315100,0
2021-02-21,2.07000000,2.23700000,2.00900000,2.18800000,4312009.05700000,1613951999999,9247114.48109700,38278,2093699.32100000,4499051.48513000,0
2021-02-22,2.18800000,2.19600000,1.62500000,1.97200000,7954285.14900000,1614038399999,15422658.66748600,56703,3521742.69300000,6868080.36132800,0
2021-02-23,1.97500000,1.99300000,1.34200000,1.60200000,8307920.12100000,1614124799999,13383080.72977300,56307,3647307.08100000,5861580.33494500,0
2021-02-24,1.60200000,1.75000000,1.50800000,1.63200000,4663241.56600000,1614211199999,7748523.11732000,35762,2149810.21500000,3575001.73916700,0
2021-02-25,1.63400000,1.92100000,1.60300000,1.63100000,4280422.88700000,1614297599999,7487544.74828700,35128,2028460.49200000,3540221.45182100,0
2021-02-26,1.63300000,1.71000000,1.46600000,1.62700000,4415755.97300000,1614383999999,7061079.76907400,33014,2113761.86600000,3380273.57137200,0
2021-02-27,1.62700000,1.80000000,1.60400000,1.67900000,3368948.65500000,1614470399999,5734012.49413800,29484,1685789.35500000,2872395.57098400,0
2021-02-28,1.68000000,1.69600000,1.45000000,1.56900000,3168050.95300000,1614556799999,4941549.94850400,26491,1523729.01800000,2378453.21478600,0
2021-03-01,1.57200000,1.69600000,1.56200000,1.68800000,3225872.73500000,1614643199999,5262252.00053600,25724,1633848.00600000,2663750.23980700,0
2021-03-02,1.68600000,1.75500000,1.59600000,1.66800000,3787042.01800000,1614729599999,6396780.34361900,32308,1902575.67400000,3219900.03415800,0
2021-03-03,1.66600000,1.93000000,1.64900000,1.83400000,5945223.63600000,1614815999999,10860496.04076100,46946,2995793.44400000,5477052.94512600,0
2021-03-04,1.83400000,2.11700000,1.76300000,2.00600000,7988690.01300000,1614902399999,15626562.18740900,59794,3837095.06000000,7516731.43098900,0
2021-03-05,2.00900000,2.33800000,1.86600000,2.11600000,16256709.19900000,1614988799999,35226809.09336100,126375,8223463.58900000,17828741.45031100,0
2021-03-06,2.11600000,2.18300000,1.95000000,2.05500000,5626349.16400000,1615075199999,11629465.97757100,43443,2809892.57300000,5812680.68874600,0
2021-03-07,2.05900000,2.12200000,1.98200000,2.07300000,3519116.93700000,1615161599999,7201363.68178700,28488,1831327.70800000,3752697.86620000,0
2021-03-08,2.06800000,2.16700000,1.97500000,2.16200000,3987045.85700000,1615247999999,8249470.59683600,30520,1963390.69400000,4064853.05033900,0
2021-03-09,2.16500000,2.35100000,2.09600000,2.18000000,6490060.12200000,1615334399999,14350651.99087300,52910,3210922.91100000,7098994.92889000,0
2021-03-10,2.18400000,2.18800000,1.99500000,2.04700000,4602002.85000000,1615420799999,9514432.43388700,36426,2367444.21300000,4892591.91518800,0
2021-03-11,2.04700000,2.41000000,1.97000000,2.19600000,11232317.03100000,1615507199999,24490458.26753800,82046,5071636.42400000,11060788.65577500,0
2021-03-12,2.19700000,2.44700000,2.08200000,2.21200000,10082153.88000000,1615593599999,22701759.06366400,80876,4959906.77200000,11184479.64259400,0
2021-03-13,2.21000000,2.35500000,2.08000000,2.31600000,7678736.21000000,1615679999999,16969926.09986200,63784,3631348.35400000,8031986.05516000,0
2021-03-14,2.31700000,2.33000000,2.13500000,2.15500000,4224848.73400000,1615766399999,9325873.26061500,34164,1953540.04000000,4313780.06701800,0
2021-03-15,2.15500000,2.27700000,1.98900000,2.05600000,5742232.50400000,1615852799999,12111146.07402100,40740,2895580.05800000,6110581.74044200,0
2021-03-16,2.05600000,2.23600000,1.93300000,2.22200000,5497134.93800000,1615939199999,11696742.70018300,40720,3042816.45800000,6497446.60153900,0
2021-03-17,2.22000000,2.89300000,2.14600000,2.75600000,24530173.25300000,1616025599999,63035359.16092900,177267,13001648.44400000,33363994.25116500,0
2021-03-18,2.75800000,3.34400000,2.72300000,2.78700000,33790566.63400000,1616111999999,103044944.87980800,279423,16899075.94500000,51614624.69414400,0
2021-03-19,2.78500000,2.98500000,2.67300000,2.90900000,9056196.98600000,1616198399999,25782655.25513500,77379,4622666.10700000,13162211.97721600,0
2021-03-20,2.91200000,3.20000000,2.72500000,2.73500000,7285946.50100000,1616284799999,21656657.95403100,67529,3585089.01700000,10667817.47117900,0
2021-03-21,2.73400000,2.80400000,2.58700000,2.73300000,6033298.26600000,1616371199999,16312368.43634800,52020,3146662.09700000,8506422.63894600,0
2021-03-22,2.73500000,3.10300000,2.62500000,2.87100000,10148665.54300000,1616457599999,29484685.06507000,105685,5297920.11600000,15386489.44821000,0
2021-03-23,2.86700000,3.09600000,2.55000000,2.60200000,8505671.34500000,1616543999999,23171661.63791300,69271,3855538.20600000,10554151.00348300,0
2021-03-24,2.60500000,2.83600000,2.28200000,2.37000000,7443992.29700000,1616630399999,19527375.39669800,65069,3882731.72900000,10195618.83058600,0
2021-03-25,2.37200000,2.41100000,2.14700000,2.27700000,6477026.60600000,1616716799999,14759820.99315700,48863,3134739.16200000,7143489.50732900,0
2021-03-26,2.27600000,2.51500000,2.27300000,2.44900000,4144379.15800000,1616803199999,10024473.64662900,32938,2002299.66000000,4846592.12774200,0
2021-03-27,2.44900000,2.64300000,2.42500000,2.46700000,4735651.20600000,1616889599999,11972173.03994500,41268,2229179.05100000,5640593.42428600,0
2021-03-28,2.46600000,2.66300000,2.43500000,2.65700000,4072686.94200000,1616975999999,10421193.95760300,39444,2070820.76800000,5292577.21030100,0
2021-03-29,2.65600000,2.79500000,2.58900000,2.76800000,4711668.22500000,1617062399999,12692989.35607900,49841,2448862.99500000,6601707.53235800,0
2021-03-30,2.76700000,2.87400000,2.66700000,2.80200000,4185842.39200000,1617148799999,11610360.96303800,46974,2061296.24000000,5713752.09210200,0
2021-03-31,2.79800000,2.88900000,2.57200000,2.72000000,4139996.99900000,1617235199999,11285209.52410100,43347,2014341.37100000,5488378.87414300,0
2021-04-01,2.72200000,2.95600000,2.65000000,2.92000000,4509868.69600000,1617321599999,12665722.93326900,48223,2302134.97700000,6473421.66000700,0
2021-04-02,2.92000000,3.10000000,2.77600000,3.04000000,5097500.22900000,1617407999999,14804134.97748700,55791,2467650.88700000,7145927.02199800,0
2021-04-03,3.04300000,3.80000000,3.01700000,3.24900000,17030946.84400000,1617494399999,58556227.57326400,183946,8762018.36900000,30120419.36253300,0
2021-04-04,3.25000000,3.51000000,3.22000000,3.37700000,5254457.20000000,1617580799999,17667395.30658200,67928,2593699.40800000,8722723.86864600,0
2021-04-05,3.37700000,3.58000000,3.13800000,3.27800000,6477735.02200000,1617667199999,21831001.99864900,73765,3042149.11900000,10270334.10740100,0
2021-04-06,3.28300000,3.61300000,3.24400000,3.44800000,5574373.50300000,1617753599999,19115052.64036100,80233,2855959.39300000,9804750.54108900,0
2021-04-07,3.44300000,3.53700000,2.87100000,3.06800000,6927371.68500000,1617839999999,21940451.95629200,78031,3359658.58600000,10667832.08177700,0
2021-04-08,3.06600000,3.38700000,3.05000000,3.32100000,3648568.80500000,1617926399999,11839538.75977800,41774,1827906.59900000,5939747.93815600,0
2021-04-09,3.31600000,3.50900000,3.21300000,3.40700000,4302609.17900000,1618012799999,14459720.40508500,51494,2278593.08200000,7665038.01924300,0
2021-04-10,3.41000000,4.36000000,3.31400000,3.77800000,19147047.90700000,1618099199999,73314607.66943100,201107,10002037.57000000,38293960.57164300,0
2021-04-11,3.77500000,3.81500000,3.50000000,3.66700000,5700703.83700000,1618185599999,20718174.98310700,73990,2796363.29800000,10169770.85198200,0
2021-04-12,3.66300000,3.95400000,3.42900000,3.51200000,5494939.34300000,1618271999999,20155776.11951400,71846,2756684.87800000,10130671.35139800,0
2021-04-13,3.51800000,3.63900000,3.37600000,3.56300000,4220947.65500000,1618358399999,14791782.13294200,50067,2210800.85300000,7758145.64937700,0
2021-04-14,3.56300000,3.58500000,3.21400000,3.40600000,3906913.67700000,1618444799999,13241220.74611500,47498,1902753.39200000,6443578.06895600,0
2021-04-15,3.40900000,3.64900000,3.37700000,3.54800000,2875886.27900000,1618531199999,10112637.11630200,39111,1536484.39200000,5406830.42264300,0
2021-04-16,3.55300000,3.59700000,3.22600000,3.58000000,4882977.51400000,1618617599999,16704839.94317500,63565,2502046.06100000,8571821.62580100,0
2021-04-17,3.57900000,3.61000000,3.30300000,3.34700000,3079210.72600000,1618703999999,10707068.31817800,41970,1485202.42400000,5163858.71401900,0
2021-04-18,3.34700000,3.38500000,2.56100000,3.02600000,6999612.81400000,1618790399999,20526992.35627300,73937,3090438.81200000,9035040.38903100,0
2021-04-19,3.02400000,3.14600000,2.66000000,2.78600000,5153028.04500000,1618876799999,14961410.25234900,58170,2591661.25800000,7533057.00961700,0
2021-04-20,2.78600000,3.08000000,2.44700000,2.95600000,7868040.11900000,1618963199999,22146810.03403700,84383,4072306.12700000,11457775.15672500,0
2021-04-21,2.95600000,3.42400000,2.88300000,3.02600000,11036208.89200000,1619049599999,35083540.15559300,107127,5563509.92800000,17674944.59587300,0
2021-04-22,3.02500000,3.14000000,2.60100000,2.63200000,6757519.00300000,1619135999999,19756994.20231700,62382,3275850.99700000,9587573.98278700,0
2021-04-23,2.63200000,2.69800000,2.22600000,2.54400000,8158288.78000000,1619222399999,19706395.19593700,68562,3994856.61500000,9639904.02475800,0
2021-04-24,2.54000000,2.55300000,2.27300000,2.36100000,2601726.28400000,1619308799999,6261225.43353800,24726,1319350.10500000,3179871.98682700,0
2021-04-25,2.36100000,2.63200000,2.25700000,2.40700000,3030938.54200000,1619395199999,7450661.48244300,29636,1589897.89600000,3905232.24000900,0
2021-04-26,2.40800000,2.80500000,2.39000000,2.78300000,3722779.41300000,1619481599999,9932947.62232000,43253,1885335.74900000,5032932.77158300,0
2021-04-27,2.78100000,3.32800000,2.73100000,3.25000000,7387698.36200000,1619567999999,22717115.43747400,82469,3839478.06200000,11792076.36338100,0
2021-04-28,3.25000000,3.28300000,2.84600000,3.11900000,4886119.24300000,1619654399999,14835891.48818600,55827,2417342.36800000,7344145.95119600,0
2021-04-29,3.12300000,3.36000000,2.98000000,3.07700000,4638393.87800000,1619740799999,14721059.59262900,54527,2435821.06200000,7745477.55634600,0
2021-04-30,3.07400000,3.33000000,3.01200000,3.26300000,3384162.24300000,1619827199999,10775280.90171300,35593,1652768.97300000,5266019.35068200,0
2021-05-01,3.26100000,3.39000000,3.13800000,3.33200000,3711409.34100000,1619913599999,12080558.16353400,40527,1939964.05200000,6313626.19195600,0
2021-05-02,3.33500000,3.36100000,3.08700000,3.17300000,3513877.83600000,1619999999999,11217969.35012200,31742,1780100.62500000,5671920.84128900,0
2021-05-03,3.17400000,3.48500000,3.17000000,3.41900000,5410965.82300000,1620086399999,18125087.00854200,61579,2827156.21800000,9476654.10330400,0
2021-05-04,3.42300000,3.43400000,2.91400000,2.96700000,4563382.11200000,1620172799999,14421421.44168000,50011,2193447.71200000,6934525.85245800,0
2021-05-05,2.96700000,3.29000000,2.93500000,3.28400000,3132663.32100000,1620259199999,9924542.12238600,37072,1683823.78300000,5338410.47027900,0
2021-05-06,3.28500000,3.60000000,3.16800000,3.55600000,7473586.95300000,1620345599999,24949179.74278000,88184,3818784.84700000,12768140.66999100,0
2021-05-07,3.55200000,4.25000000,3.39000000,3.54000000,13431365.43200000,1620431999999,51119020.27012100,166492,6864948.29100000,26149944.97825500,0
2021-05-08,3.53700000,3.69000000,3.36900000,3.44100000,5772965.00700000,1620518399999,20452366.96119300,56472,2825657.12000000,10013426.84027000,0
2021-05-09,3.44000000,3.46700000,3.20600000,3.36800000,4291836.92300000,1620604799999,14386853.63896200,51100,2113766.02100000,7091683.95601600,0
2021-05-10,3.37000000,3.99400000,2.98000000,3.30100000,10819157.00200000,1620691199999,37903123.19054600,113305,5543016.09900000,19462160.09238700,0
2021-05-11,3.30100000,3.43700000,3.06100000,3.38700000,4987370.04900000,1620777599999,16156186.13903000,55381,2589325.25500000,8399580.25248600,0
2021-05-12,3.38800000,3.70100000,2.84400000,2.92600000,7351745.63200000,1620863999999,25185601.76796800,85705,3623672.19700000,12466895.43780900,0
2021-05-13,2.92400000,3.19000000,2.73200000,2.98700000,5892450.79100000,1620950399999,17574300.46943500,60052,2882570.80900000,8594402.35892800,0
2021-05-14,2.99000000,3.25000000,2.96500000,3.15400000,3064819.66400000,1621036799999,9569261.88012800,35351,1529155.90800000,4773960.01096500,0
2021-05-15,3.15200000,3.19800000,2.80400000,2.81900000,3369818.02100000,1621123199999,10076767.18215500,38387,1563898.90800000,4684426.55596700,0
2021-05-16,2.82900000,3.03600000,2.55600000,2.71000000,3921344.00500000,1621209599999,10952231.95111300,39988,1883910.53400000,5269928.08605100,0
2021-05-17,2.71000000,2.77600000,2.41000000,2.48800000,4533221.20600000,1621295999999,11686404.58428500,40924,2302093.24300000,5945949.76660600,0
2021-05-18,2.49300000,2.93200000,2.46500000,2.80600000,4362374.35000000,1621382399999,12059168.76290900,43781,2247372.36400000,6223911.89657500,0
2021-05-19,2.80600000,2.89800000,1.38000000,1.88900000,11658474.14800000,1621468799999,24653876.74845700,83441,5261033.51100000,11258097.13325700,0
2021-05-20,1.89300000,2.27900000,1.73900000,2.13500000,7708537.58200000,1621555199999,15914151.58844400,62992,3632844.50500000,7569181.00855300,0
2021-05-21,2.13500000,2.26000000,1.68100000,1.91300000,10116643.52800000,1621641599999,19782089.65860300,59538,4637654.71200000,9133799.52318300,0
2021-05-22,1.91300000,1.93800000,1.64200000,1.71500000,6893734.84900000,1621727999999,12247070.84610100,47694,3564696.17600000,6338833.02322400,0
2021-05-23,1.71500000,1.78800000,1.18800000,1.44000000,8662001.70000000,1621814399999,12557982.17270700,48602,4227261.37200000,6111573.39235500,0
2021-05-24,1.44100000,1.76400000,1.39400000,1.72800000,6467486.35400000,1621900799999,10428699.25725000,45711,3310459.67200000,5331483.19282500,0
2021-05-25,1.72800000,1.81100000,1.50700000,1.73200000,5792514.20900000,1621987199999,9551363.21392400,37584,3112948.27000000,5130015.36444200,0
2021-05-26,1.73000000,2.01900000,1.68000000,2.01000000,7460823.83200000,1622073599999,13722364.19657600,51723,3756237.74400000,6910044.89304500,0
2021-05-27,2.01000000,2.04900000,1.79000000,1.87600000,5452587.16100000,1622159999999,10266271.48120500,42923,2832257.42500000,5329468.40349900,0
2021-05-28,1.87600000,1.89600000,1.53900000,1.60600000,5204847.67500000,1622246399999,8836817.40800600,35912,2573940.04700000,4365306.72373700,0
2021-05-29,1.60600000,1.69200000,1.41900000,1.53500000,5269749.13400000,1622332799999,8222857.62227800,28304,2584959.08600000,4047417.18679000,0
2021-05-30,1.53800000,1.64900000,1.42000000,1.56900000,2813838.36600000,1622419199999,4405479.80622100,18614,1437862.91200000,2252361.11631400,0
2021-05-31,1.56900000,1.70000000,1.48000000,1.69300000,3764025.37600000,1622505599999,6020240.27487900,25044,1948820.44600000,3114009.55207800,0
2021-06-01,1.69100000,2.09900000,1.57400000,2.03400000,15203299.15900000,1622591999999,27763859.58491800,87256,7884100.32700000,14402723.81041300,0
2021-06-02,2.03200000,2.71700000,2.00700000,2.46500000,47200334.31500000,1622678399999,110450442.19875800,303916,22516501.22500000,52563253.42845000,0
2021-06-03,2.46500000,2.67100000,2.35600000,2.40800000,12163366.17000000,1622764799999,30390297.65928500,109138,6249249.91300000,15599772.19369000,0
2021-06-04,2.40900000,2.41600000,2.09300000,2.17900000,6892557.36900000,1622851199999,15422115.31990600,51907,3322756.02300000,7424429.59252000,0
2021-06-05,2.18100000,2.35700000,2.01400000,2.08100000,4824244.02000000,1622937599999,10522809.29820500,37325,2479636.23200000,5415144.18308600,0
2021-06-06,2.08100000,2.47600000,2.05500000,2.41200000,7354375.42000000,1623023999999,16450424.22008000,51740,3835527.78400000,8588662.93006900,0
2021-06-07,2.41000000,2.41500000,2.04400000,2.07900000,7549435.34200000,1623110399999,17269445.10003900,52187,3784872.02300000,8672089.10945800,0
2021-06-08,2.07900000,2.11600000,1.82000000,1.98400000,7790468.92300000,1623196799999,15467928.77762400,55373,3799258.98800000,7540756.80389800,0
2021-06-09,1.98500000,2.14900000,1.85300000,2.07600000,5038545.18200000,1623283199999,10159107.36602500,39492,2603680.09800000,5245409.07082700,0
2021-06-10,2.07800000,2.08500000,1.87900000,1.89600000,4465174.48600000,1623369599999,8778584.64336800,28421,2396115.64400000,4705750.60191500,0
2021-06-11,1.89800000,1.92000000,1.68900000,1.78700000,4661870.37800000,1623455999999,8493831.53968000,29387,2433732.16100000,4436306.07776300,0
2021-06-12,1.79000000,1.79100000,1.58200000,1.66800000,3898504.28700000,1623542399999,6506483.81932900,22774,1972161.21000000,3292797.83654700,0
2021-06-13,1.66900000,1.95900000,1.59900000,1.91500000,6480658.02700000,1623628799999,11504526.50738800,39042,3355666.87800000,5970114.74396700,0
2021-06-14,1.91500000,2.07000000,1.85700000,1.90300000,10115138.36900000,1623715199999,19707626.32813100,59899,4994981.28900000,9725374.35666900,0
2021-06-15,1.90300000,1.95600000,1.84000000,1.86000000,3749962.33200000,1623801599999,7100629.88563700,21744,1949538.14800000,3690716.36951300,0
2021-06-16,1.86000000,2.12000000,1.76100000,2.08100000,13774270.72800000,1623887999999,26828757.26080000,80658,7192850.38700000,14002226.74771200,0
2021-06-17,2.08100000,2.08500000,1.90600000,1.94500000,5007241.08000000,1623974399999,10003139.23892400,36943,2412491.48200000,4816899.29540400,0
2021-06-18,1.94500000,1.94600000,1.72200000,1.78500000,3592239.30400000,1624060799999,6576330.56351100,20933,1722791.07000000,3151835.20058800,0
2021-06-19,1.78600000,1.83500000,1.72800000,1.74300000,2109470.79900000,1624147199999,3766075.23638300,13805,1112353.10600000,1985924.51866200,0
2021-06-20,1.74200000,1.76700000,1.60100000,1.71600000,2782453.79000000,1624233599999,4680580.25686100,15960,1418419.69400000,2385095.82947400,0
2021-06-21,1.71600000,1.72600000,1.30300000,1.30500000,6216363.89700000,1624319999999,9322140.24450600,32106,3094470.95200000,4637286.39385600,0
2021-06-22,1.30500000,1.41400000,1.08200000,1.22700000,11111497.91800000,1624406399999,13831257.68337400,56126,5515532.38600000,6879169.07167700,0
2021-06-23,1.22700000,1.44000000,1.17300000,1.34900000,4944530.79900000,1624492799999,6609886.87994000,34743,2631808.97100000,3517026.28844400,0
2021-06-24,1.35000000,1.43000000,1.25800000,1.40700000,3360107.24500000,1624579199999,4517282.99125900,20410,1755401.69400000,2356135.74854700,0
2021-06-25,1.40800000,1.44800000,1.22000000,1.22800000,5716367.78000000,1624665599999,7548367.17745100,33513,2932854.45900000,3874491.92654100,0
2021-06-26,1.22900000,1.34900000,1.15700000,1.34300000,6025568.08100000,1624751999999,7549502.79851000,35635,3040309.69900000,3810501.65078100,0
2021-06-27,1.34300000,1.35900000,1.23700000,1.35000000,3880335.52300000,1624838399999,5006207.40912500,25167,2085105.33700000,2692574.79418800,0
2021-06-28,1.35300000,1.43300000,1.31400000,1.40000000,4620803.00300000,1624924799999,6305089.66166600,29577,2362489.21000000,3222639.45650100,0
2021-06-29,1.40200000,1.56900000,1.39800000,1.54200000,4735199.77900000,1625011199999,7078966.65672200,24913,2493446.53100000,3725242.42735800,0
2021-06-30,1.54200000,1.73100000,1.44700000,1.68100000,11712523.51000000,1625097599999,18735827.12739500,62339,5850218.97500000,9378270.77527800,0
2021-07-01,1.68100000,1.68400000,1.50000000,1.56400000,5436897.90500000,1625183999999,8529486.02863900,30282,2692665.86000000,4221734.94009100,0
2021-07-02,1.56200000,1.58400000,1.46300000,1.57300000,3264809.53400000,1625270399999,4940034.67653900,15868,1675672.99500000,2535246.75362300,0
2021-07-03,1.57200000,1.63700000,1.51400000,1.60100000,2021401.64500000,1625356799999,3205815.24170400,12006,963414.71000000,1528844.11871000,0
2021-07-04,1.60100000,1.69200000,1.55600000,1.62200000,3329616.64000000,1625443199999,5474444.39706900,14781,1733709.79400000,2850365.23217800,0
2021-07-05,1.62100000,1.63200000,1.50800000,1.55200000,3738312.21300000,1625529599999,5860049.02766300,16421,1936360.80000000,3037593.68820300,0
2021-07-06,1.55000000,1.67900000,1.55000000,1.62600000,6528526.69200000,1625615999999,10586298.78312300,30450,3569494.35600000,5791578.30059600,0
2021-07-07,1.62700000,1.77300000,1.59200000,1.66700000,7474931.11700000,1625702399999,12728809.02793200,35092,4064034.47900000,6927614.14385900,0
2021-07-08,1.67500000,1.67800000,1.48600000,1.52800000,4337800.29900000,1625788799999,6781880.87909100,22751,2035599.68200000,3183082.32752300,0
2021-07-09,1.52900000,1.55100000,1.43900000,1.53500000,3389098.10600000,1625875199999,5073429.74870300,16355,1889844.49100000,2827269.46683200,0
2021-07-10,1.53400000,1.55600000,1.45600000,1.49400000,1641113.01300000,1625961599999,2459072.91130200,8579,788546.44400000,1180883.02973000,0
2021-07-11,1.49600000,1.54400000,1.46300000,1.52500000,2229996.05800000,1626047999999,3391384.50717900,9183,1148371.94500000,1745879.36522900,0
2021-07-12,1.52400000,1.58300000,1.47000000,1.50400000,3135267.40800000,1626134399999,4809096.87834900,16433,1636142.46700000,2506744.67562000,0
2021-07-13,1.50400000,1.50500000,1.41400000,1.43900000,2315432.08000000,1626220799999,3368992.82101400,12032,1108268.23700000,1613291.44377800,0
2021-07-14,1.43900000,1.44700000,1.34600000,1.42900000,2200439.83300000,1626307199999,3072499.12974800,16358,1058866.85900000,1478075.93046000,0
2021-07-15,1.42700000,1.45000000,1.33100000,1.35400000,2536258.19700000,1626393599999,3488426.26800600,18138,1273156.53200000,1751253.23793900,0
2021-07-16,1.35600000,1.38800000,1.27000000,1.28000000,2010715.03400000,1626479999999,2653830.87300000,15038,990424.09900000,1307032.33314500,0
2021-07-17,1.27800000,1.32800000,1.25900000,1.29300000,1929149.81000000,1626566399999,2488726.98382600,12040,980650.16200000,1265242.39759100,0
2021-07-18,1.29300000,1.35100000,1.28100000,1.31100000,1806473.90000000,1626652799999,2379973.91388800,8866,978532.32500000,1290190.36602300,0
2021-07-19,1.31100000,1.31500000,1.21500000,1.22700000,1861967.44400000,1626739199999,2342948.08710800,10346,907302.87400000,1141719.96140600,0
2021-07-20,1.22600000,1.25800000,1.12600000,1.16700000,3047994.39100000,1626825599999,3577905.20393700,15269,1470430.54700000,1725818.75368800,0
2021-07-21,1.16700000,1.30400000,1.13000000,1.26900000,2984436.82500000,1626911999999,3700793.65352300,15413,1499239.37000000,1859029.69781500,0
2021-07-22,1.27000000,1.32300000,1.24800000,1.29200000,2982153.75400000,1626998399999,3855496.75931400,15719,1614111.49100000,2086655.59016600,0
2021-07-23,1.29300000,1.35500000,1.25500000,1.34200000,2852624.39500000,1627084799999,3744801.49348600,14485,1335308.18100000,1749074.87771800,0
2021-07-24,1.34100000,1.40400000,1.31600000,1.35200000,4119737.06800000,1627171199999,5604390.51243000,22240,2295854.97900000,3125331.47660000,0
2021-07-25,1.35300000,1.36100000,1.30100000,1.35200000,2204713.76000000,1627257599999,2922969.06886500,12154,1243150.77800000,1647764.89539900,0
2021-07-26,1.35300000,1.48500000,1.34600000,1.37800000,5596724.96500000,1627343999999,7958724.24467800,28333,3000520.84400000,4266000.72470700,0
2021-07-27,1.37600000,1.44900000,1.30800000,1.43000000,3432632.07400000,1627430399999,4748962.93705700,21090,1767319.53900000,2447012.75557900,0
2021-07-28,1.43000000,1.45100000,1.36000000,1.42900000,3727155.96000000,1627516799999,5263714.31151700,20213,1953149.54700000,2758220.89557900,0
2021-07-29,1.42900000,1.55300000,1.38300000,1.52400000,6644815.75000000,1627603199999,9870764.15443500,31177,3445792.78900000,5120608.14480900,0
2021-07-30,1.52500000,1.57600000,1.43400000,1.57300000,5921648.00200000,1627689599999,8924445.36043800,27352,2914129.13000000,4398224.97702100,0
2021-07-31,1.57600000,1.65000000,1.52300000,1.63000000,5050703.74000000,1627775999999,8027346.79336300,27671,2800675.00400000,4455372.95497800,0
2021-08-01,1.63000000,1.74400000,1.52400000,1.55700000,5110398.52800000,1627862399999,8448406.44539300,33082,2621642.55300000,4342957.49828000,0
2021-08-02,1.55500000,1.63900000,1.51100000,1.60900000,3230261.84700000,1627948799999,5094214.02010600,20840,1710737.79600000,2697622.43845500,0
2021-08-03,1.60900000,1.68400000,1.52600000,1.58900000,4106667.39800000,1628035199999,6586573.55391500,20914,2252717.67100000,3624611.36705600,0
2021-08-04,1.58800000,1.67800000,1.52200000,1.63700000,2394882.43200000,1628121599999,3801640.24666900,15134,1288869.16100000,2048946.41105900,0
2021-08-05,1.63700000,1.70600000,1.57900000,1.68700000,5150879.77900000,1628207999999,8440030.26225700,28291,2459504.32600000,4029752.63261500,0
2021-08-06,1.68600000,1.76100000,1.63500000,1.75600000,4148965.65800000,1628294399999,7051265.85074900,24307,2105145.06300000,3582883.31474000,0
2021-08-07,1.75600000,1.81300000,1.69900000,1.78700000,4309419.34900000,1628380799999,7569054.41142400,29396,2250002.37000000,3956279.85611500,0
2021-08-08,1.78800000,1.82100000,1.61900000,1.65700000,3747256.00900000,1628467199999,6451379.28277400,24862,2003486.58100000,3438573.84678300,0
2021-08-09,1.65700000,1.75800000,1.59200000,1.74600000,3521722.43500000,1628553599999,5961567.80433400,21837,1668090.85900000,2823986.18744400,0
2021-08-10,1.74600000,1.79500000,1.66300000,1.75900000,5181856.66700000,1628639999999,9033254.81120900,27767,2460616.43800000,4295346.94216700,0
2021-08-11,1.75900000,1.90200000,1.74600000,1.83600000,4906689.12300000,1628726399999,9002864.02665500,37782,2491565.60600000,4574171.24292900,0
2021-08-12,1.83700000,1.90200000,1.68400000,1.74700000,5223414.29500000,1628812799999,9344760.43144200,33615,2618279.89200000,4676927.86376800,0
2021-08-13,1.74800000,1.89300000,1.72200000,1.89200000,2590360.87800000,1628899199999,4704613.14718800,20823,1349103.95000000,2452293.48317500,0
2021-08-14,1.89300000,1.92500000,1.79200000,1.90700000,3876953.98400000,1628985599999,7245434.38169000,31023,1900724.18500000,3555145.14480600,0
2021-08-15,1.90600000,1.99000000,1.84100000,1.97300000,6303164.30000000,1629071999999,12027828.51731100,41753,3121403.67200000,5964329.87386300,0
2021-08-16,1.97300000,2.01800000,1.88100000,1.92000000,5027497.22600000,1629158399999,9841122.11196000,38065,2540637.80800000,4976259.39418200,0
2021-08-17,1.92100000,1.99600000,1.76000000,1.80900000,7162007.74000000,1629244799999,13647757.25232700,46898,3389178.71300000,6481788.62470700,0
2021-08-18,1.80900000,1.83900000,1.70200000,1.78000000,2899865.10400000,1629331199999,5148660.45017100,23408,1440191.68900000,2557345.72664300,0
2021-08-19,1.78200000,1.88900000,1.72000000,1.88900000,2994128.00000000,1629417599999,5394185.19814700,22545,1479992.55300000,2673725.04838100,0
2021-08-20,1.88800000,2.04300000,1.86500000,1.96700000,5951844.44000000,1629503999999,11685662.23595300,39557,2949507.11200000,5789059.76110400,0
2021-08-21,1.96800000,2.07700000,1.92400000,1.99200000,7439316.75700000,1629590399999,14901464.03029000,53750,3532687.67900000,7083174.19402700,0
2021-08-22,1.99200000,2.18300000,1.97500000,2.16900000,9182724.48800000,1629676799999,19044807.51561100,62919,4925764.55800000,10222145.29447400,0
2021-08-23,2.17000000,2.22200000,2.10200000,2.20900000,6191955.79100000,1629763199999,13434928.33934100,49074,3023788.90000000,6568189.15988900,0
2021-08-24,2.21100000,2.32200000,2.01000000,2.03600000,8356009.60200000,1629849599999,18276764.00796400,64532,4175018.97300000,9152090.65687800,0
2021-08-25,2.03500000,2.17700000,1.95700000,2.14200000,4935267.38100000,1629935999999,10234272.87277800,40241,2522888.42900000,5244550.93942700,0
2021-08-26,2.14300000,2.17300000,1.86400000,1.90500000,6286315.79100000,1630022399999,12438779.05439200,41739,3302046.70700000,6528992.91140200,0
2021-08-27,1.90500000,2.00600000,1.80600000,2.00600000,4174448.86500000,1630108799999,7926288.79839900,29460,2178298.60600000,4145648.37430800,0
2021-08-28,2.00500000,2.01200000,1.92200000,1.97800000,2493674.07000000,1630195199999,4900898.19149200,17832,1261402.37000000,2478472.35759200,0
2021-08-29,1.97800000,1.99100000,1.87200000,1.94800000,2660206.90000000,1630281599999,5157477.90110000,20797,1313015.20000000,2545856.50050000,0
2021-08-30,1.94900000,1.96000000,1.84000000,1.85300000,2486237.60000000,1630367999999,4718886.04540000,17840,1226078.70000000,2325277.45510000,0
2021-08-31,1.85400000,1.95200000,1.82100000,1.93100000,4198299.90000000,1630454399999,7955475.59990000,29480,2132912.70000000,4045709.88690000,0
2021-09-01,1.92900000,2.05700000,1.87100000,2.03300000,4952596.05300000,1630540799999,9862206.25610300,36753,2516177.69800000,5016311.48765300,0
2021-09-02,2.03300000,2.04900000,1.97400000,2.01000000,2867551.10000000,1630627199999,5769745.09010000,20871,1521723.30000000,3062957.10390000,0
2021-09-03,2.01000000,2.09300000,1.95000000,2.06700000,4973128.65800000,1630713599999,10148700.59899200,37409,2723192.89900000,5558312.54295500,0
2021-09-04,2.06700000,2.17400000,2.06100000,2.16500000,5015146.26600000,1630799999999,10670057.71898700,33334,3026946.07000000,6444288.05632900,0
2021-09-05,2.16400000,2.35000000,2.13100000,2.29300000,7508530.60000000,1630886399999,16894967.20000200,49228,4087238.72200000,9193167.05699000,0
2021-09-06,2.29600000,2.32000000,2.11000000,2.24000000,5772907.90000000,1630972799999,12906723.76060000,42532,2991507.60000000,6684759.48530000,0
2021-09-07,2.24500000,2.33000000,1.49000000,1.75400000,11606512.37700000,1631059199999,22933325.16832400,85039,5644444.50600000,11186150.39725400,0
2021-09-08,1.75300000,1.81900000,1.55100000,1.77000000,7362255.10000000,1631145599999,12558140.35380000,47346,3737924.40000000,6385466.37510000,0
2021-09-09,1.77100000,1.89600000,1.72800000,1.83200000,4287411.40000000,1631231999999,7713888.15770000,27208,2525931.10000000,4540126.01620000,0
2021-09-10,1.83300000,2.08900000,1.75200000,1.83800000,7720611.60000000,1631318399999,14703923.85807000,49972,4163875.50000000,7939790.27727000,0
2021-09-11,1.83900000,1.91000000,1.80600000,1.85100000,2638240.10000000,1631404799999,4915694.96110000,19225,1418283.70000000,2640920.37690000,0
2021-09-12,1.84900000,1.91200000,1.79300000,1.88600000,2165400.10000000,1631491199999,4029674.78760000,19421,1167702.80000000,2174162.50210000,0
2021-09-13,1.88500000,1.90200000,1.63200000,1.74700000,4321442.60000000,1631577599999,7522946.60570000,30221,2147862.00000000,3739517.01050000,0
2021-09-14,1.74700000,1.84900000,1.72700000,1.83600000,2335951.50000000,1631663999999,4167566.86880000,17521,1210903.20000000,2161957.34380000,0
2021-09-15,1.83500000,1.89300000,1.79300000,1.88400000,2951495.50000000,1631750399999,5453985.98450000,24196,1469729.70000000,2718288.02040000,0
2021-09-16,1.88400000,1.99600000,1.81800000,1.86800000,5385128.30000000,1631836799999,10264389.48630000,41291,2815949.00000000,5376714.97140000,0
2021-09-17,1.86800000,1.98600000,1.77400000,1.80000000,8585754.30000000,1631923199999,16196727.82890000,51073,4676568.90000000,8800759.34650000,0
2021-09-18,1.80000000,1.85900000,1.76100000,1.80700000,2391263.10000000,1632009599999,4340361.55200000,14002,1213155.10000000,2202261.88820000,0
2021-09-19,1.80800000,1.81000000,1.70900000,1.74100000,2114947.90000000,1632095999999,3715153.87060000,13497,1051284.80000000,1846287.35550000,0
2021-09-20,1.74100000,1.74200000,1.45000000,1.48600000,4561004.36600000,1632182399999,7150023.10031800,26397,2142838.30000000,3357078.64373200,0
2021-09-21,1.48700000,1.54800000,1.34200000,1.37900000,3664450.05600000,1632268799999,5332576.96660300,19527,1728612.10000000,2513365.43820000,0
2021-09-22,1.37900000,1.55400000,1.35300000,1.55000000,3256373.40000000,1632355199999,4779869.51070000,18738,1735984.20000000,2551098.39680000,0
2021-09-23,1.55100000,1.59000000,1.49700000,1.57900000,2500614.00000000,1632441599999,3887094.66200000,16070,1319138.50000000,2051797.82850000,0
2021-09-24,1.57800000,1.58700000,1.34500000,1.45700000,3613887.80000000,1632527999999,5214591.64420000,25123,1762272.80000000,2540871.75510000,0
2021-09-25,1.45500000,1.47400000,1.38700000,1.43600000,1541456.10000000,1632614399999,2214663.46810000,11821,760602.70000000,1091950.68450000,0
2021-09-26,1.43700000,1.48500000,1.31600000,1.45800000,3116402.50000000,1632700799999,4424214.28670200,20219,1535232.40000000,2179318.32890000,0
2021-09-27,1.45600000,1.51100000,1.38300000,1.38600000,2285949.80000000,1632787199999,3336549.56190000,14467,1172393.80000000,1711307.63540000,0
2021-09-28,1.38500000,1.42100000,1.33300000,1.34100000,1904374.40000000,1632873599999,2618999.02660000,17443,983043.50000000,1352901.57730000,0
2021-09-29,1.33900000,1.47300000,1.33700000,1.39200000,2389154.00000000,1632959999999,3379728.44960000,15831,1214909.70000000,1718811.18250000,0
2021-09-30,1.39000000,1.54700000,1.38700000,1.49400000,2967107.00000000,1633046399999,4391339.29850000,13805,1484772.30000000,2198654.03950000,0
2021-10-01,1.49300000,1.62400000,1.48800000,1.62200000,3116792.80000000,1633132799999,4837276.36160000,19045,1811285.30000000,2809173.32580000,0
2021-10-02,1.62300000,1.67000000,1.57400000,1.63200000,2144556.80000000,1633219199999,3484723.44340000,14846,1136796.10000000,1849454.68220000,0
2021-10-03,1.63200000,1.69100000,1.59600000,1.67300000,2170566.60000000,1633305599999,3594543.30210000,14814,1101819.80000000,1825891.15780000,0
2021-10-04,1.67500000,1.73600000,1.60200000,1.66800000,3954612.90000000,1633391999999,6588480.11010000,22635,2076136.50000000,3458457.86520000,0
2021-10-05,1.66600000,1.72900000,1.63600000,1.71900000,2494941.40000000,1633478399999,4185602.13350000,17952,1364908.30000000,2289950.99040000,0
2021-10-06,1.72000000,1.76700000,1.60400000,1.71000000,3577652.40000000,1633564799999,6081830.12870000,23335,1975279.20000000,3360578.47050000,0
2021-10-07,1.71100000,1.73800000,1.65200000,1.70600000,2340778.20000000,1633651199999,3979459.92740000,19306,1181544.70000000,2009312.46450000,0
2021-10-08,1.70700000,1.82600000,1.69700000,1.79500000,3371485.30000000,1633737599999,5979726.66350000,25996,1960544.80000000,3476523.40210000,0
2021-10-09,1.79700000,1.83700000,1.73000000,1.77700000,2414561.60000000,1633823999999,4316013.12020000,17800,1176831.10000000,2102356.75680000,0
2021-10-10,1.77900000,1.83000000,1.74500000,1.80700000,3230620.50000000,1633910399999,5794317.45510000,22033,1738842.30000000,3120090.33550000,0
2021-10-11,1.80400000,1.83200000,1.67100000,1.71900000,3554905.90000000,1633996799999,6258093.38670000,21864,1773206.80000000,3118878.88830000,0
2021-10-12,1.71700000,1.72100000,1.54300000,1.63100000,3813669.40000000,1634083199999,6154431.08590000,21267,1814527.00000000,2920940.99300000,0
2021-10-13,1.63100000,1.81000000,1.61800000,1.74100000,3640795.50000000,1634169599999,6142962.29130000,24358,1913875.60000000,3233343.19940000,0
2021-10-14,1.74200000,1.79000000,1.71400000,1.73100000,2547087.70000000,1634255999999,4449475.11440000,22353,1220907.10000000,2133942.99470000,0
2021-10-15,1.73000000,1.73100000,1.59100000,1.68100000,3130186.60000000,1634342399999,5217079.62680000,22833,1399417.90000000,2336689.79110000,0
2021-10-16,1.68300000,1.74500000,1.66700000,1.68900000,3384300.00000000,1634428799999,5780370.26590000,24144,1577146.30000000,2692809.76310000,0
2021-10-17,1.68800000,1.70800000,1.55900000,1.61700000,2454455.10000000,1634515199999,4044714.24520000,18705,1142314.20000000,1881101.47040000,0
2021-10-18,1.61900000,1.63100000,1.55500000,1.62300000,1554975.70000000,1634601599999,2491304.91310000,10522,787519.20000000,1262107.21680000,0
2021-10-19,1.62300000,1.64000000,1.58100000,1.61400000,1460534.40000000,1634687999999,2357951.07560000,10467,681005.10000000,1100182.97320000,0
2021-10-20,1.61400000,1.68400000,1.60900000,1.67400000,2591637.40000000,1634774399999,4246707.26000000,17800,1356535.70000000,2222264.46510000,0
2021-10-21,1.67500000,1.72500000,1.60500000,1.61000000,2710950.60000000,1634860799999,4526169.46900000,20495,1324230.90000000,2208833.89910000,0
2021-10-22,1.61000000,1.68200000,1.60000000,1.64200000,2044758.40000000,1634947199999,3362079.90710000,13653,1033673.10000000,1700251.97820000,0
2021-10-23,1.64100000,1.67100000,1.60600000,1.67100000,935106.60000000,1635033599999,1540540.39200000,7999,505935.90000000,833351.77920000,0
2021-10-24,1.67000000,1.67700000,1.59100000,1.63500000,1439773.90000000,1635119999999,2361365.43620000,10824,718695.30000000,1179235.58290000,0
2021-10-25,1.63400000,1.65700000,1.62800000,1.65000000,1397529.10000000,1635206399999,2297110.46750000,8408,777548.90000000,1278202.63940000,0
2021-10-26,1.65100000,1.73000000,1.63000000,1.65900000,3750142.00000000,1635292799999,6317738.74290000,26316,1947045.30000000,3280627.68390000,0
2021-10-27,1.65800000,1.70300000,1.42000000,1.47400000,5279081.90000000,1635379199999,8198578.33390000,35656,2473786.20000000,3838531.22550000,0
2021-10-28,1.47500000,1.62500000,1.46400000,1.59500000,2253215.90000000,1635465599999,3523535.68190000,15377,1164091.30000000,1819550.00110000,0
2021-10-29,1.59800000,1.75400000,1.58800000,1.74900000,3554310.30000000,1635551999999,5992578.90960000,22357,1860315.60000000,3140205.12740000,0
2021-10-30,1.75100000,1.98000000,1.66900000,1.92700000,11792879.20000000,1635638399999,21824229.42890000,73874,6123504.70000000,11318436.03890000,0
2021-10-31,1.92800000,2.27000000,1.83900000,1.99000000,18988360.30000000,1635724799999,38679200.51920000,141089,9671592.30000000,19716683.47060000,0
2021-11-01,1.99000000,2.45500000,1.82800000,1.98600000,15102490.59000000,1635811199999,31232633.28969800,112756,7316426.03100000,15102554.42962900,0
2021-11-02,1.98800000,2.28700000,1.96100000,2.28600000,11232517.30000000,1635897599999,23663779.30400000,93955,5708776.20000000,12020837.50320000,0
2021-11-03,2.28700000,2.29000000,1.98800000,2.10000000,4698501.30000000,1635983999999,9831123.76410000,39807,2324380.80000000,4861183.40490000,0
2021-11-04,2.10000000,2.10000000,1.93900000,1.99600000,4397976.40000000,1636070399999,8845570.82020000,36746,2094442.80000000,4212715.08840000,0
2021-11-05,1.99600000,1.99600000,1.89400000,1.92100000,2182507.10000000,1636156799999,4265151.05130000,16223,1111977.30000000,2172819.03910000,0
2021-11-06,1.91900000,1.93200000,1.80800000,1.91100000,3638925.60000000,1636243199999,6842489.51760000,21209,1890226.30000000,3559038.70870000,0
2021-11-07,1.91000000,1.99700000,1.88800000,1.98600000,2511917.50000000,1636329599999,4862523.09320000,18245,1231294.90000000,2384996.94970000,0
2021-11-08,1.98600000,2.06000000,1.91900000,2.06000000,4233275.40000000,1636415999999,8372700.87660000,28601,2062079.70000000,4080817.71120000,0
2021-11-09,2.06100000,2.07100000,1.96300000,1.98900000,3017363.70000000,1636502399999,6090983.44790000,22688,1556519.60000000,3143906.75430000,0
2021-11-10,1.98900000,2.04600000,1.75000000,1.85000000,4166219.00000000,1636588799999,7952938.02810000,37792,2100805.80000000,4007773.81050000,0
2021-11-11,1.84800000,1.89800000,1.80700000,1.86700000,2161425.90000000,1636675199999,4023969.80240000,14160,1090839.20000000,2029927.39410000,0
2021-11-12,1.86500000,1.92300000,1.78000000,1.85000000,2878451.40000000,1636761599999,5342121.05780000,18372,1436630.90000000,2668999.21060000,0
2021-11-13,1.85100000,1.92800000,1.81700000,1.88600000,1853695.20000000,1636847999999,3465713.19190000,14576,921417.60000000,1722206.35070000,0
2021-11-14,1.88400000,1.89100000,1.81900000,1.88200000,1614662.90000000,1636934399999,3003461.37380000,12393,812877.30000000,1512400.69980000,0
2021-11-15,1.88300000,1.96700000,1.85800000,1.89500000,2847055.90000000,1637020799999,5456113.05180000,21325,1409817.20000000,2701447.91010000,0
2021-11-16,1.89600000,1.89700000,1.61100000,1.71500000,2921424.00000000,1637107199999,5108794.88320000,21719,1517116.70000000,2654673.22860000,0
